TEAM,DISCNAME,PICK,PLAYER,ENTERED INTO THE SPREADSHEET,,
Rockingham Subs,Basetornado,1,Nick Daicos,YES,ROUND 1,1
Bermi Bandicoots,Loke,2,Nasiah Wanganeen-Milera,YES,,
Fawkner Flightless Birds,aaron_mid,3,Errol Gulden,YES,,
North Fitzroy Fury,patch,4,Zak Butters,YES,,
Northcote ARCs,LucriousAU,5,Harry Sheezel,YES,,
Nar Nar Goon Geese,Clarky,6,Luke Jackson,YES,,
COLAC COWS,Geofison,7,Will Ashcroft,YES,,
South MoRum'uns,jesseSPANNER,8,Finn Callaghan,YES,,
Mordialloc Macaws,salsawithlemoncakes,9,Max Holmes,YES,,
Mont Albert Moggers,DangerSquid,10,Marcus Bontempelli,YES,,
Merlynston Merlins,Heavy G,11,Matt Rowell,YES,,
Darwin Dingoes,Captain Azure ,12,Bailey Smith,YES,,
Monemvasia Malakia,Tomdom,13,Sam Darcy,YES,,
The Werri-Beasts,Lowry16,14,Noah Anderson,YES,,
Diggers Rest Gold-Diggers,Gazbomb,15,Tristan Xerri,YES,,
Leopold Lightning,Random Hoss,16,Brodie Grundy,YES,,
Leopold Lightning,Random Hoss,17,Sam Flanders,YES,ROUND 2,2
Diggers Rest Gold-Diggers,Gazbomb,18,Caleb Serong,YES,,
The Werri-Beasts,Lowry16,19,Andrew Brayshaw,YES,,
Monemvasia Malakia,Tomdom,20,Tom De Koning,YES,,
Darwin Dingoes,Captain Azure ,21,Josh Weddle,YES,,
Merlynston Merlins,Heavy G,22,Max Gawn,YES,,
Mont Albert Moggers,DangerSquid,23,Connor Rozee,YES,,
Mordialloc Macaws,salsawithlemoncakes,24,Ed Richards,YES,,
South MoRum'uns,jesseSPANNER,25,Jordan Clark,YES,,
COLAC COWS,Geofison,26,Tim English,YES,,
Nar Nar Goon Geese,Clarky,27,Lachie Ash,YES,,
Northcote ARCs,LucriousAU,28,Hugh McCluggage,YES,,
North Fitzroy Fury,Patch,29,Zach Merrett,YES,,
Fawkner Flightless Birds,Aaron_Mid,30,Jagga Smith,YES,,
Bermi Bandicoots,Loke,31,Darcy Cameron,YES,,
Rockingham Subs,Basetornado,32,Willem Duursma,YES,,
Rockingham Subs,Basetornado,33,Rowan Marshall,YES,ROUND 3,3
Bermi Bandicoots,Loke,34,Levi Ashcroft,YES,,
Fawkner Flightless Birds,aaron_mid,35,Josh Smillie,YES,,
North Fitzroy Fury,patch,36,Colby McKercher,YES,,
Northcote ARCs,LucriousAU,37,Jye Caldwell,YES,,
Nar Nar Goon Geese,Clarky,38,Tom McCarthy,YES,,
COLAC COWS,Geofison,39,Joel Freijah,YES,,
South MoRum'uns,jesseSPANNER,40,Harley Reid,YES,,
Mordialloc Macaws,salsawithlemoncakes,41,Sam Lalor,YES,,
Mont Albert Moggers,DangerSquid,42,Harvey Langford,YES,,
Merlynston Merlins,Heavy G,43,Xavier Lindsay,YES,,
Darwin Dingoes,Captain Azure ,44,Jarrod Witts,YES,,
Monemvasia Malakia,Tomdom,45,Chad Warner,YES,,
The Werri-Beasts,Lowry16,46,Riley Thilthorpe,YES,,
Diggers Rest Gold-Diggers,Gazbomb,47,Ryley Sanders,YES,,
Leopold Lightning,Random Hoss,48,Jordan Dawson,YES,,
Leopold Lightning,Random Hoss,49,Josh Dunkley,YES,ROUND 4,4
Diggers Rest Gold-Diggers,Gazbomb,50,Murphy Reid,YES,,
The Werri-Beasts,Lowry16,51,Sam Walsh,YES,,
Monemvasia Malakia,Tomdom,52,Jason Horne-Francis,YES ,,
Darwin Dingoes,Captain Azure ,53,Isaac Kako,YES,,
Merlynston Merlins,Heavy G,54,Jai Newcombe,YES,,
Mont Albert Moggers,DangerSquid,55,Bailey Humphrey,YES,,
Mordialloc Macaws,salsawithlemoncakes,56,Archie Roberts,YES,,
South MoRum'uns,jesseSPANNER,57,Kysaiah Pickett,YES,,
COLAC COWS,Geofison,58,Josh Daicos,YES,,
Nar Nar Goon Geese,Clarky,59,Tom Liberatore,YES,,
Northcote ARCs,LucriousAU,60,Dyson Sharp,YES,,
North Fitzroy Fury,Patch,61,Tom Green,YES,, 
Fawkner Flightless Birds,Aaron_Mid,62,Jordon Sweet,YES,,
Bermi Bandicoots,Loke,63,Christian Petracca,YES,,
Rockingham Subs,Basetornado,64,Nick Blakey,YES,,
Rockingham Subs,Basetornado,65,Leonardo Lombard,YES,ROUND 5,5
Bermi Bandicoots,Loke,66,Shaun Mannagh,YES,,
Fawkner Flightless Birds,aaron_mid,67,Izak Rankine,YES,,
North Fitzroy Fury,patch,68,Jack Sinclair,YES,,
Northcote ARCs,LucriousAU,69,Lachlan McAndrew,YES,,
Nar Nar Goon Geese,Clarky,70,Isaac Heeney,YES,,
COLAC COWS,Geofison,71,Lawson Humphries,YES,,
South MoRum'uns,jesseSPANNER,72,Hayden Young,YES,,
Mordialloc Macaws,salsawithlemoncakes,73,Lachie Whitfield,YES,,
Mont Albert Moggers,DangerSquid,74,Luke Davies-Uniacke,YES,,
Merlynston Merlins,Heavy G,75,Marcus Windhager,YES,,
Darwin Dingoes,Captain Azure ,76,Ben Keays,YES,,
Monemvasia Malakia,Tomdom,77,Zeke Uwland,YES,,
The Werri-Beasts,Lowry16,78,Josh Worrell,YES,,
Diggers Rest Gold-Diggers,Gazbomb,79,Daniel Curtin,YES,,
Leopold Lightning,Leopold Lightning,80,Jaspa Fletcher,YES,,
Leopold Lightning,Leopold Lightning,81,Max Hall,YES,ROUND 6,6
Diggers Rest Gold-Diggers,Gazbomb,82,Finn O'Sullivan,YES,,
The Werri-Beasts,Lowry16,83,Kieren Briggs,YES,,
Monemvasia Malakia,Tomdom,84,George Wardlaw,YES ,,
Darwin Dingoes,Captain Azure ,85,Max Michalanney,YES,,
Merlynston Merlins,Heavy G,86,Harry Dean,YES,,
Mont Albert Moggers,DangerSquid,87,Connor O'Sullivan,YES,,
Mordialloc Macaws,salsawithlemoncakes,88,Caleb Windsor,YES,,
South MoRum'uns,jesseSPANNER,89,Zac Bailey,YES,,
COLAC COWS,Geofison,90,Karl Amon,YES,,
Nar Nar Goon Geese,Clarky,91,Mattaes Phillipou,YES,,
Northcote ARCs,LucriousAU,92,Dylan Patterson,YES,,
North Fitzroy Fury,Patch,93,Sid Draper,YES,,
Fawkner Flightless Birds,Aaron_Mid,94,Trent Rivers,YES,,
Bermi Bandicoots,Loke,95,Samuel Grlj,YES,,
Rockingham Subs,Basetornado,96,Jack Macrae,YES,,
Rockingham Subs,Basetornado,97,Ryan Maric,YES,ROUND 7,7
Bermi Bandicoots,Loke,98,Bailey Dale,YES,,
Fawkner Flightless Birds,aaron_mid,99,Daniel Annable,YES,,
North Fitzroy Fury,patch,100,Aaron Cadman,YES,,
Northcote ARCs,LucriousAU,101,Sam Banks,YES,,
Nar Nar Goon Geese,Clarky,102,Logan Morris,YES,,
COLAC COWS,Geofison,103,George Hewett,YES,,
South MoRum'uns,jesseSPANNER,104,Jacob Farrow,YES,,
Mordialloc Macaws,salsawithlemoncakes,105,Samuel Cumming,YES,,
Mont Albert Moggers,DangerSquid,106,Touk Miller,YES,,
Merlynston Merlins,Heavy G,107,Oliver Hollands,YES,,
Darwin Dingoes,Captain Azure ,108,Jack Steele,YES,,
Monemvasia Malakia,Tomdom,109,Luke Trainor,YES,,
The Werri-Beasts,Lowry16,110,Josh Lindsay,YES,,
Diggers Rest Gold-Diggers,Gazbomb,111,Will Day,YES,,
Leopold Lightning,Leopold Lightning,112,Cooper Duff-Tytler,YES,,
Leopold Lightning,Leopold Lightning,113,Sullivan Robey,YES,ROUND 8,8
Diggers Rest Gold-Diggers,Gazbomb,114,Nic Martin,YES,,
The Werri-Beasts,Lowry16,115,Lachie Neale,YES,,
Monemvasia Malakia,Tomdom,116,Alixzander Tauru,YES,,
Darwin Dingoes,Captain Azure ,117,Josh Treacy,YES,,
Merlynston Merlins,Heavy G,118,Lachy Dovaston,YES,,
Mont Albert Moggers,DangerSquid,119,Darcy Wilson,YES,,
Mordialloc Macaws,salsawithlemoncakes,120,Toby Nankervis,YES,,
South MoRum'uns,jesseSPANNER,121,Lachlan Blakiston,YES,,
COLAC COWS,Geofison,122,Clayton Oliver,YES,,
Nar Nar Goon Geese,Clarky,123,Edward Allan,YES,,
Northcote ARCs,LucriousAU,124,Rory Laird,YES,,
North Fitzroy Fury,Patch,125,Dante Visentini,YES,,
Fawkner Flightless Birds,Aaron_Mid,126,Nick Watson,YES,,
Bermi Bandicoots,Loke,127,Kane McAuliffe,YES,,
Rockingham Subs,Basetornado,128,Gryan Miers,YES,,
Rockingham Subs,Basetornado,129,Harry Himmelberg,YES,ROUND 9,9
Bermi Bandicoots,Loke,130,Josh Rachele,YES,,
Fawkner Flightless Birds,aaron_mid,131,Sam Clohesy,YES,,
North Fitzroy Fury,patch,132,Tom Blamires,YES,,
Northcote ARCs,LucriousAU,133,Cooper Lord,YES,,
Nar Nar Goon Geese,Clarky,134,Latrelle Pickett,YES,,
COLAC COWS,Geofison,135,Reuben Ginbey,YES,,
South MoRum'uns,jesseSPANNER,136,Oliver Dempsey,YES,,
Mordialloc Macaws,salsawithlemoncakes,137,Cam Mackenzie,YES,,
Mont Albert Moggers,DangerSquid,138,Lloyd Meek,YES,,
Merlynston Merlins,Heavy G,139,Zak Johnson,YES,,
Darwin Dingoes,Captain Azure ,140,Isaiah Dudley,YES,,
Monemvasia Malakia,Tomdom,141,Koltyn Tholstrup,YES,,
The Werri-Beasts,Lowry16,142,Lachie Jaques,YES,,
Diggers Rest Gold-Diggers,Gazbomb,143,Jake Soligo,YES,,
Leopold Lightning,Leopold Lightning,144,Callum Mills,YES,,
Leopold Lightning,Leopold Lightning,145,Toby Greene,YES,ROUND 10,10
Diggers Rest Gold-Diggers,Gazbomb,146,Darcy Wilmot,YES,,
The Werri-Beasts,Lowry16,147,Ethan Read,YES,,
Monemvasia Malakia,Tomdom,148,Elijah Hewett,YES,,
Darwin Dingoes,Captain Azure ,149,Patrick Cripps,YES,,
Merlynston Merlins,Heavy G,150,Shai Bolton,YES,,
Mont Albert Moggers,DangerSquid,151,Harry Kyle,YES,,
Mordialloc Macaws,salsawithlemoncakes,152,Tobie Travaglia,YES,,
South MoRum'uns,jesseSPANNER,153,Harry Rowston,YES,,
COLAC COWS,Geofison,154,Sam Davidson,YES,,
Nar Nar Goon Geese,Clarky,155,Ned Long,YES,,
Northcote ARCs,LucriousAU,156,Sam Marshall,YES,,
North Fitzroy Fury,Patch,157,Dylan Moore,YES,,
Fawkner Flightless Birds,Aaron_Mid,158,Dan Houston,YES,,
Bermi Bandicoots,Loke,159,Jack Watkins,YES,,
Rockingham Subs,Basetornado,160,Tobyn Murray,YES,,
Rockingham Subs,Basetornado,161,Matthew Kennedy,YES,ROUND 11,11
Bermi Bandicoots,Loke,162,Brayden Fiorini,YES,,
Fawkner Flightless Birds,Aaron_Mid,163,Tim Taranto,YES,,
North Fitzroy Fury,patch,164,Joe Richards,YES,,
Northcote ARCs,LucriousAU,165,Nate Caddy,YES,,
Nar Nar Goon Geese,Clarky,166,Jed Walter,YES,,
COLAC COWS,Geofison,167,Hugh Boxshall,YES,,
South MoRum'uns,jesseSPANNER,168,Darcy Jones,YES,,
Mordialloc Macaws,salsawithlemoncakes,169,Justin McInerney,YES,,
Mont Albert Moggers,DangerSquid,170,Jy Simpkin,YES,,
Merlynston Merlins,Heavy G,171,Tim Kelly,YES,,
Darwin Dingoes,Captain Azure ,172,Sam Swadling,YES,,
Monemvasia Malakia,Tomdom,173,Beau Addinsall,YES,,
The Werri-Beasts,Lowry16,174,Liam Reidy,YES,,
Diggers Rest Gold-Diggers,Gazbomb,175,Xavier Taylor,YES,,
Leopold Lightning,Leopold Lightning,176,Angus Clarke,YES,,
Leopold Lightning,Leopold Lightning,177,Hugo Garcia,YES,ROUND 12,12
Diggers Rest Gold-Diggers,Gazbomb,178,Oskar Taylor,YES,,
The Werri-Beasts,Lowry16,179,Taj Hotton,YES,,
Monemvasia Malakia,Tomdom,180,Zane Duursma,YES,,
Darwin Dingoes,Captain Azure ,181,Lachlan Sullivan,YES,,
Merlynston Merlins,Heavy G,182,Elijah Hollands,YES,,
Mont Albert Moggers,DangerSquid,183,Cooper Trembath,YES,,
Mordialloc Macaws,salsawithlemoncakes,184,Nicholas Madden,YES,,
South MoRum'uns,jesseSPANNER,185,Kalani White,YES,,
COLAC COWS,Geofison,186,Patrick Lipinski,YES,,
Nar Nar Goon Geese,Clarky,187,Jai Culley,YES,,
Northcote ARCs,LucriousAU,188,Jhye Clark,YES,,
North Fitzroy Fury,Patch,189,Bruce Reville,YES,,
Fawkner Flightless Birds,Aaron_Mid,190,Anthony Caminiti,YES,,
Bermi Bandicoots,Loke,191,Jack Buller,YES,,
Rockingham Subs,Basetornado,192,Seth Campbell,YES,,
Rockingham Subs,Basetornado,193,Harvey Thomas,YES,ROUND 13,13
Bermi Bandicoots,Loke,194,Josh Ward,YES,,
Fawkner Flightless Birds,aaron_mid,195,Jacob Konstanty,YES,,
North Fitzroy Fury,patch,196,Riley Bice,YES,,
Northcote ARCs,LucriousAU,197,Marc Pittonet,YES,,
Nar Nar Goon Geese,Clarky,198,Jai Serong,YES,,
COLAC COWS,Geofison,199,James Rowbottom,YES,,
South MoRum'uns,jesseSPANNER,200,Mitchell Edwards,YES,,
Mordialloc Macaws,salsawithlemoncakes,201,Angus Anderson,YES,,
Mont Albert Moggers,DangerSquid,202,Kane Farrell,YES,,
Merlynston Merlins,Heavy G,203,John Noble,YES,,
Darwin Dingoes,Captain Azure ,204,Toby Whan,YES,,
Monemvasia Malakia,Tomdom,205,Jeremy Cameron,YES,,
The Werri-Beasts,Lowry16,206,Jordan De Goey,YES,,
Diggers Rest Gold-Diggers,Gazbomb,207,Oscar Steene,YES,,
Leopold Lightning,Leopold Lightning,208,Lachlan Cowan,YES,,
Leopold Lightning,Leopold Lightning,209,Joe Berry,YES,ROUND 14,14
Diggers Rest Gold-Diggers,Gazbomb,210,James Sicily,YES,,
The Werri-Beasts,Lowry16,211,Lachlan Carmichael,YES,,
Monemvasia Malakia,Tomdom,212,Jacob Hopper,YES,,
Darwin Dingoes,Captain Azure ,213,Finnbar Maley,YES,,
Merlynston Merlins,Heavy G,214,Tom Atkins,YES,,
Mont Albert Moggers,DangerSquid,215,Jai Murray,YES,,
Mordialloc Macaws,salsawithlemoncakes,216,Jack Ginnivan,YES,,
South MoRum'uns,jesseSPANNER,217,Roan Steele,YES,,
COLAC COWS,Geofison,218,Mitchell Marsh,YES,,
Nar Nar Goon Geese,Clarky,219,Tom Stewart,YES,,
Northcote ARCs,LucriousAU,220,Oscar Allen,YES,,
North Fitzroy Fury,Patch,221,Thomas Burton,YES,,
Fawkner Flightless Birds,Aaron_Mid,222,Jayden Short,YES,,
Bermi Bandicoots,Loke,223,Jobe Shanahan,YES,,
Rockingham Subs,Basetornado,224,Clay Hall,YES,,
Rockingham Subs,Basetornado,225,Christian Moraes,YES,ROUND 15,15
Bermi Bandicoots,Loke,226,Mason Redman,YES,,
Fawkner Flightless Birds,aaron_mid,227,Alex Neal-Bullen,YES,,
North Fitzroy Fury,patch,228,Darcy Parish,YES,,
Northcote ARCs,LucriousAU,229,Elliot Yeo,YES,,
Nar Nar Goon Geese,Clarky,230,Lennox Hofmann,YES,,
COLAC COWS,Geofison,231,Charlie Banfield,YES,,
South MoRum'uns,jesseSPANNER,232,Callum Wilkie,YES,,
Mordialloc Macaws,salsawithlemoncakes,233,Sam Durham,YES,,
Mont Albert Moggers,DangerSquid,234,Adam Cerra,YES,,
Merlynston Merlins,Heavy G,235,George Stevens,YES,,
Darwin Dingoes,Captain Azure ,236,Tom Barrass,YES,,
Monemvasia Malakia,Tomdom,237,Jack Graham,YES,,
The Werri-Beasts,Lowry16,238,James Leake,YES,,
Diggers Rest Gold-Diggers,Gazbomb,239,Ollie Wines,YES,,
Leopold Lightning,Leopold Lightning,240,Miles Bergman,YES,,
Leopold Lightning,Leopold Lightning,241,Sam Draper,YES,BONUS NOAH ANDERSON ROUND,16
Diggers Rest Gold-Diggers,Gazbomb,242,Elijah Tsatas,YES,,
The Werri-Beasts,Lowry16,243,James Trezise,YES,,
Monemvasia Malakia,Tomdom,244,Dayne Zorko,YES,,
Darwin Dingoes,Captain Azure ,245,Jase Burgoyne,YES,,
Merlynston Merlins,Heavy G,246,Logan Evans,YES,,
Mont Albert Moggers,DangerSquid,247,Tylar Young,YES,,
Mordialloc Macaws,salsawithlemoncakes,248,Jack Ross,YES,,
South MoRum'uns,jesseSPANNER,249,Zac Williams,YES,,
COLAC COWS,Geofison,250,Buku Khamis,YES,,
Nar Nar Goon Geese,Clarky,251,Koby Coulson,YES,,
Northcote ARCs,LucriousAU,252,Bo Allan,YES,,
North Fitzroy Fury,Patch,253,Tanner Bruhn,YES,,
Fawkner Flightless Birds,Aaron_Mid,254,Aidan Schubert,YES,,
Bermi Bandicoots,Loke,255,Billy Dowling,YES,,
Rockingham Subs,Basetornado,256,Harry McKay,YES,,